{
    "gill-color": {
        "k": {
            "label": "e"
        },
        "n": {
            "label": "e"
        },
        "g": {
            "label": "e"
        },
        "p": {
            "label": "e"
        },
        "w": {
            "label": "e"
        },
        "h": {
            "label": "e"
        },
        "u": {
            "label": "e"
        },
        "b": {
            "label": "p"
        },
        "e": {
            "label": "e"
        },
        "r": {
            "label": "p"
        },
        "y": {
            "label": "e"
        },
        "o": {
            "label": "e"
        }
    }
}