{
    "spore-print-color": {
        "k": {
            "gill-size": {
                "n": {
                    "label": "e"
                },
                "b": {
                    "label": "e"
                }
            }
        },
        "n": {
            "gill-size": {
                "b": {
                    "label": "e"
                },
                "n": {
                    "label": "e"
                }
            }
        },
        "u": {
            "label": "e"
        },
        "h": {
            "gill-size": {
                "b": {
                    "label": "p"
                },
                "n": {
                    "label": "e"
                }
            }
        },
        "w": {
            "gill-color": {
                "e": {
                    "label": "e"
                },
                "b": {
                    "label": "p"
                },
                "w": {
                    "label": "p"
                },
                "g": {
                    "label": "e"
                },
                "p": {
                    "label": "e"
                }
            }
        },
        "r": {
            "label": "p"
        },
        "o": {
            "label": "e"
        },
        "y": {
            "label": "e"
        }
    }
}