{
    "spore-print-color": {
        "k": {
            "gill-size": {
                "n": {
                    "label": "e"
                },
                "b": {
                    "label": "e"
                }
            }
        },
        "n": {
            "gill-size": {
                "b": {
                    "label": "e"
                },
                "n": {
                    "label": "e"
                }
            }
        },
        "u": {
            "label": "e"
        },
        "h": {
            "cap-color": {
                "g": {
                    "label": "p"
                },
                "y": {
                    "label": "p"
                },
                "w": {
                    "label": "p"
                },
                "b": {
                    "label": "p"
                },
                "u": {
                    "label": "e"
                },
                "r": {
                    "label": "e"
                }
            }
        },
        "w": {
            "ring-number": {
                "t": {
                    "label": "e"
                },
                "o": {
                    "label": "p"
                },
                "n": {
                    "label": "p"
                }
            }
        },
        "r": {
            "label": "p"
        },
        "b": {
            "label": "e"
        },
        "y": {
            "label": "e"
        },
        "o": {
            "label": "e"
        }
    }
}